"user_id","work_id","mr_share"
"40","6","25"
"4","7","25"
"304","8","25"
"289","9","5"
"215","10","100"
"215","11","100"
"126","12","16.66"
"127","13","50"
"52","14","50"
"94","15","100"
"","16",""
"131","17","100"
"146","18","33.329999999999998"
"146","19","33.329999999999998"
"146","20","50"
"1","21","50"
"293","22","25"
"186","23","33.329999999999998"
"107","24","100"
"316","25","50"
"149","26","40"
"256","27","25"
"74","28","100"
"107","29","100"
"131","30","100"
"17","31","15"
"58","32","50"
"183","33","50"
"200","34","25"
"215","35","100"
"215","36","100"
"2","37","50"
"205","38",""
"4","39","50"
"62","40","50"
"186","41","1.5"
"","",""
"263","42","25"
"104","43","100"
"32","44","100"
"238","45","100"
"39","46","100"
"316","47","15"
"154","48","25"
"104","49","100"
"238","51","100"
"99","52","50"
"135","53","50"
"67","54","25"
"20","55","50"
"94","56","50"
"340","57","50"
"20","58","20"
"62","59","50"
"89","60","16.66"
"87","61","50"
"205","62",""
"262","63",""
"316","64","15"
"38","65","12.5"
"307","66","34"
"74","67","100"
"123","68","25"
"283","69","15"
"334","70","100"
"307","71","8.3399999999999999"
"9","72","5"
"20","73","50"
"316","74","14.99"
"63","2176","50"
"314","75","25"
"281","76","25"
"142","77","50"
"334","78","50"
"20","79","50"
"123","80","25"
"123","81","25"
"309","82",""
"104","83","100"
"68","84","16.66"
"104","85","100"
"334","86","50"
"141","87","16.66"
"132","88","50"
"32","89","24"
"215","90","50"
"32","91","50"
"179","92","100"
"123","93","25"
"166","94","100"
"334","95","33.329999999999998"
"123","96","15"
"242","2177","15"
"328","96","16.66"
"136","2178","25"
"94","99","33.329999999999998"
"123","101","20"
"24","102","16.66"
"123","103","33.329999999999998"
"89","104","25"
"123","105","16.66"
"143","106","20.829999999999998"
"279","107","13.4"
"131","108","25"
"94","109","50"
"281","110","16.670000000000002"
"135","111",""
"104","112","100"
"154","113","50"
"287","114","50"
"304","115","22.5"
"174","116","25"
"154","117","37.5"
"","118","10"
"115","119","50"
"272","120","50"
"21","121","50"
"349","122","50"
"141","123","8.3300000000000001"
"79","124","33.340000000000003"
"334","125","33.329999999999998"
"349","126","50"
"310","127","50"
"179","128","50"
"115","129","50"
"169","130","50"
"322","131","5"
"152","132","25"
"262","133","25"
"31","134","10"
"279","135","25"
"323","136","100"
"146","137","33.329999999999998"
"179","138","25"
"179","139","25"
"209","2179","25"
"","2179","25"
"132","142","16.670000000000002"
"56","2180","25"
"17","143","25"
"75","145","50"
"8","146","10"
"179","147","100"
"351","148","50"
"17","149","28.329999999999998"
"349","150","25"
"118","151","50"
"334","152","50"
"340","153","100"
"89","154","50"
"158","155","50"
"349","156","50"
"17","157","50"
"123","158","33.329999999999998"
"319","159","50"
"149","160","33.329999999999998"
"281","161","25"
"240","162","50"
"146","163","50"
"","164","42.5"
"149","165","50"
"72","166","16.670000000000002"
"149","167","25"
"353","168","50"
"200","169","10"
"141","170","13.33"
"332","171","100"
"287","172","50"
"307","173","75"
"104","174","100"
"154","175","7.5"
"123","176","25"
"205","177","100"
"63","178",""
"20","179",""
"189","179","50"
"219","181","75"
"129","182","5"
"334","183","33.329999999999998"
"146","184","50"
"99","185","100"
"334","186","50"
"159","187","25"
"149","188","50"
"95","189","100"
"146","190","33.329999999999998"
"344","191","25"
"118","192","50"
"304","193","12.5"
"219","194","75"
"","195","5.5499999999999998"
"74","196","100"
"145","197","100"
"332","198","50"
"99","199","100"
"215","200","100"
"334","201","33.329999999999998"
"211","202","36"
"118","203","50"
"179","204","50"
"5","205","100"
"38","206","25"
"","207","50"
"135","208","50"
"123","209","25"
"259","210","50"
"322","211","5"
"99","212","75"
"189","213","12.5"
"94","214","33.329999999999998"
"94","215","50"
"166","216","30"
"304","217","50"
"179","218","100"
"36","219","50"
"259","220","50"
"179","221","50"
"20","222","50"
"261","223","25"
"136","224","50"
"63","225","12.5"
"1","226","50"
"20","227","50"
"93","228","5"
"99","229","50"
"99","230","50"
"179","231","33.329999999999998"
"234","2181","5"
"26","232","5"
"314","233","10"
"118","234","50"
"263","235","50"
"325","236","3.7999999999999998"
"4","237","50"
"104","238","100"
"143","239","6"
"211","240","32.799999999999997"
"149","241","50"
"146","242","50"
"166","243","100"
"340","244","100"
"142","245","50"
"68","246","33.329999999999998"
"118","247","50"
"287","248","50"
"259","249","50"
"63","250","50"
"127","251","16.670000000000002"
"200","252","12.5"
"32","253","50"
"289","254","12.5"
"281","255","25"
"50","256","11"
"84","257","25"
"93","258","25"
"334","259","100"
"132","260","25"
"344","261","20"
"179","262","50"
"179","263","50"
"32","264","20"
"307","265","20"
"149","266","100"
"256","267","25"
"351","268","30"
"307","269","25"
"71","270","8.3300000000000001"
"123","271","25"
"189","272","50"
"207","273","50"
"352","274","25"
"334","275","33.329999999999998"
"340","276","50"
"334","277","100"
"305","278","25"
"94","279","50"
"9","280","10"
"71","281","25"
"123","282","40"
"71","283","25"
"179","284","25"
"40","285","50"
"158","286","50"
"202","","50"
"269","288","25"
"123","289","33.329999999999998"
"17","290","80"
"132","291","20"
"149","292","25"
"95","293","50"
"189","294","50"
"118","295","50"
"20","296","20"
"211","297","50"
"99","298","50"
"149","299","50"
"20","300","25"
"307","301","25"
"123","302","12.5"
"56","303","25"
"109","304","100"
"334","305","100"
"141","306","10"
"146","307","10"
"146","308","33.329999999999998"
"74","309","100"
"74","310","100"
"20","311","33.329999999999998"
"93","312","5"
"99","313","100"
"316","315","15"
"316","316","15"
"146","317","50"
"56","318","25"
"107","319","100"
"105","320","12.5"
"282","321","50"
"200","322","12.5"
"179","323","100"
"333","324","100"
"325","325","16.600000000000001"
"325","326","10"
"199","327","10"
"211","328","66.659999999999997"
"199","287","10"
"146","330","33.329999999999998"
"349","331","100"
"71","332","16.66"
"332","333","50"
"211","334","50"
"200","335","15.619999999999999"
"215","336","50"
"304","337","30"
"2","338","100"
"141","339","11.699999999999999"
"132","340","50"
"132","341","100"
"132","342","50"
"159","343","20"
"118","344","50"
"159","345","16.66"
"349","346","50"
"307","2182","18.75"
"215","348","25"
"20","349","50"
"179","350","25"
"107","351","100"
"6","352","100"
"74","353","100"
"56","354","30"
"118","355","50"
"107","356","100"
"183","357","50"
"200","358","15"
"123","359","16.66"
"303","360","25"
"56","361","50"
"56","362",""
"334","363","50"
"219","364","25"
"123","365","8.3399999999999999"
"281","366","25"
"146","367","33.329999999999998"
"2","368","100"
"211","369","50"
"20","370","20"
"118","371","50"
"104","372","100"
"104","373","100"
"118","374","50"
"95","375","100"
"332","376","33.329999999999998"
"109","377","100"
"56","378","25"
"82","2173","25"
"261","379","50"
"285","380","20"
"275","381","10"
"174","382","20"
"259","383",""
"79","384","50"
"135","385","50"
"104","386","100"
"104","387","100"
"132","388","25"
"211","389","50"
"118","390","33.32"
"271","391","16.66"
"","392","100"
"20","393","50"
"87","394","50"
"307","2183","50"
"107","395","100"
"323","396","25"
"263","397","50"
"67","398","25"
"","399","18.25"
"93","400","50"
"263","401","50"
"334","402","50"
"271","403",""
"21","404","100"
"75","405","50"
"275","406","10"
"","","5"
"56","407",""
"52","","50"
"56","409","33.329999999999998"
"211","410","16.66"
"132","411","50"
"94","412","50"
"209","413","25"
"159","414","12.5"
"165","414","12.5"
"166","416","100"
"56","417",""
"20","418","50"
"50","419","10"
"272","420","50"
"12","421","20"
"141","422","50"
"281","423","20"
"325","424","33.399999999999999"
"307","425","25"
"307","426","60"
"335","427","2.5"
"67","428","10"
"56","429",""
"334","430","50"
"179","431","100"
"238","432","100"
"118","433","50"
"314","434","25"
"256","435","25"
"17","436","2.5"
"56","437",""
"211","438","33.340000000000003"
"","439","100"
"94","441","50"
"104","442","100"
"334","443","50"
"180","444","3.75"
"123","445","25"
"345","446","100"
"211","447","33.340000000000003"
"200","448","20"
"215","449","100"
"74","450","100"
"72","451","50"
"205","452","50"
"145","453","100"
"","454","50"
"146","455","25"
"115","456","10"
"115","","50"
"307","457","20"
"349","458","50"
"281","459","50"
"132","460","16.66"
"","461","50"
"131","463","50"
"219","464","12.5"
"215","465","50"
"332","466","100"
"207","467","50"
"149","468","40"
"349","469","50"
"2","471","50"
"281","472","25"
"123","473","33.329999999999998"
"179","474","50"
"304","475","16.66"
"322","476","15"
"179","477","100"
"215","478","100"
"118","479","50"
"215","480","50"
"136","481","50"
"332","482","100"
"349","483","50"
"298","484","25"
"94","485","50"
"93","486","3.75"
"272","487","50"
"118","488","50"
"12","489","50"
"318","493","10"
"180","491","50"
"179","490","25"
"215","492","10"
"203","494","33.329999999999998"
"281","495","25"
"334","496","100"
"31","497","33.329999999999998"
"95","498","100"
"118","499","50"
"149","500","50"
"149","501","33.329999999999998"
"20","502","50"
"104","503","100"
"17","504","80"
"71","505","25"
"316","506","3.75"
"200","507","10"
"149","672","75"
"149","509","33.329999999999998"
"146","510","12.5"
"32","511","50"
"334","512","100"
"219","513","12.5"
"332","514","100"
"33","515","5"
"179","516","100"
"6","517","100"
"146","518","33.329999999999998"
"123","519","25"
"147","520","12.5"
"199","521","20"
"340","522","100"
"211","523","50"
"211","524","50"
"99","525","100"
"221","526","100"
"74","527","100"
"259","528","50"
"349","528","25"
"211","530","37.5"
"334","531","33"
"56","532",""
"285","533","30"
"145","534","100"
"107","535","100"
"63","536","50"
"346","537","46"
"307","538","10"
"104","539","100"
"205","540","60"
"94","541","50"
"228","542","3"
"63","543","10"
"179","543","50"
"84","545","7.5"
"20","546","20"
"","547","50"
"42","547","75"
"278","549","20.829999999999998"
"115","550","25"
"117","550","10"
"179","551","100"
"146","552","50"
"149","553","50"
"307","554","25"
"141","555","6.7000000000000002"
"238","556","100"
"118","557","50"
"129","558","16.66"
"99","559","20"
"118","560","50"
"56","561",""
"118","562","25"
"32","564","20"
"146","565","33.329999999999998"
"219","566","75"
"263","567","50"
"115","568","50"
"269","569","100"
"307","571","16.66"
"158","570","50"
"205","572",""
"56","573","48.75"
"200","574","5"
"141","575","10"
"200","576","15"
"153","577","51"
"123","578","5"
"141","579","13.300000000000001"
"94","580","50"
"322","581","5"
"304","582","10"
"1","583","10"
"20","584","50"
"4","585","50"
"295","586","21.875"
"349","587","33.299999999999997"
"56","588","25"
"316","589","17"
"289","590","10"
"31","591","16.66"
"68","592","50"
"314","593","25"
"17","594","25"
"158","595","50"
"307","596","50"
"20","597","25"
"189","598","50"
"186","599","25"
"344","600","25"
"94","601","50"
"345","602","100"
"123","603","25"
"146","604","50"
"123","605","25"
"74","606","100"
"79","607","33.329999999999998"
"272","608","50"
"4","609","25"
"199","610","5"
"72","611",""
"166","612","50"
"340","613","50"
"316","614","15"
"127","615","50"
"118","616","50"
"149","617","50"
"104","618","50"
"179","619","100"
"89","620","100"
"123","621","25"
"332","622","50"
"349","623","50"
"58","624","50"
"118","625","50"
"26","626","25"
"123","627","20"
"345","628","100"
"159","629","20"
"317","631","10"
"123","630","25"
"340","632","50"
"269","633","100"
"40","634","12.5"
"123","635","25"
"179","636","100"
"307","637","33.340000000000003"
"211","638","50"
"179","639","100"
"123","640","25"
"183","641","50"
"175","642","50"
"179","643","25"
"129","644","16.66"
"134","644","16.66"
"272","646","50"
"89","647","25"
"123","648","33.329999999999998"
"95","649","100"
"","650",""
"179","651","50"
"211","652","50"
"20","653","50"
"288","654",""
"95","655","100"
"8","656","12.5"
"127","657","25"
"118","658","50"
"104","659","100"
"256","660","25"
"","","75"
"305","661","80"
"68","5","50"
"2","663","50"
"123","664","20.829999999999998"
"56","665","25"
"123","666","100"
"87","666","15"
"146","668","50"
"334","669","50"
"316","670","10"
"74","671","25"
"149","672","50"
"314","673","25"
"215","674","50"
"98","675","50"
"347","676","15"
"34","677","25"
"12","678","50"
"63","679","100"
"121","680","25"
"332","681","50"
"55","682","16.670000000000002"
"334","683","50"
"316","684","100"
"226","685","50"
"211","686","20"
"179","687","25"
"215","688","100"
"68","689","100"
"94","690","50"
"127","691","50"
"185","692","16.66"
"325","693",""
"325","694",""
"325","695","2.5"
"332","696","25"
"199","697","15"
"68","698","50"
"205","699",""
"94","700","50"
"179","701","25"
"281","702","7.5"
"79","703","50"
"132","704","50"
"56","705","25"
"26","706","12.5"
"118","707","50"
"31","708","33.329999999999998"
"259","709","20"
"72","710","100"
"332","711","33.329999999999998"
"99","712","50"
"115","713","50"
"115","714","50"
"17","715","33.329999999999998"
"17","716","100"
"166","717","100"
"179","718","50"
"17","719","50"
"271","720",""
"79","721","33.329999999999998"
"26","722","12.5"
"68","723","50"
"305","724","60"
"290","725","25"
"50","726","9"
"32","727","30"
"316","728","50"
"104","729","50"
"99","730","50"
"259","730","50"
"323","732","25"
"271","733","10"
"135","734","10"
"93","735","3.75"
"175","736","16.66"
"141","737","8.3300000000000001"
"149","738","40"
"109","739","100"
"149","739","50"
"31","742","50"
"115","743","50"
"281","744","25"
"200","745",""
"131","746","10"
"207","747","50"
"4","748","50"
"166","749","50"
"186","750","50"
"328","751","25"
"334","752","50"
"164","753","5"
"38","754","35"
"200","756",""
"154","757","25"
"141","758","13.300000000000001"
"63","759","50"
"","760","7"
"56","761",""
"132","762","50"
"154","763","50"
"56","763","50"
"56","765","25"
"126","766","30"
"56","767",""
"89","768","100"
"199","769","25"
"123","770","25"
"123","771","33.329999999999998"
"282","3526","50"
"89","772","100"
"20","773","33.329999999999998"
"31","774","20"
"149","775","33.329999999999998"
"211","776","50"
"149","777","50"
"179","778","50"
"211","780","50"
"87","781","33.329999999999998"
"72","782","50"
"93","783","50"
"4","783","25"
"72","785","25"
"154","786","50"
"149","787","50"
"104","787","100"
"211","789","50"
"63","790","25"
"21","791","50"
"316","792","15"
"17","793","100"
"99","794","100"
"143","795","50"
"183","796","50"
"290","797","25"
"52","798","50"
"211","799","100"
"56","800",""
"293","801","25"
"89","802","50"
"12","803","25"
"166","804","50"
"179","805","50"
"4","806","16.66"
"79","807","50"
"287","808","50"
"121","809","25"
"99","810","100"
"68","811","100"
"107","812","100"
"183","813","50"
"179","814","33.329999999999998"
"211","815","50"
"145","816","33.340000000000003"
"68","817","50"
"200","818",""
"75","819","50"
"132","820","100"
"215","821","100"
"272","822","25"
"166","824","50"
"21","825","100"
"121","826","25"
"149","827","50"
"79","828","50"
"21","829","100"
"131","830","20"
"","831",""
"118","832","50"
"135","833","50"
"38","834","12.5"
"207","835","45"
"95","836","50"
"38","837","26.66"
"","839",""
"72","840","50"
"24","841","50"
"12","842","50"
"318","843","50"
"149","843","5"
"95","845","50"
"12","846","50"
"149","847","50"
"316","848","15"
"211","849","50"
"349","850","100"
"179","851","50"
"211","852","33.329999999999998"
"349","853","20"
"344","854","25"
"334","855","100"
"259","856","50"
"123","857","20"
"262","858","33.329999999999998"
"115","859","50"
"215","860","50"
"149","861","33.340000000000003"
"79","862","20"
"87","863","25"
"4","864","25"
"205","865",""
"117","866","25"
"281","867","20"
"135","868","15"
"296","869","25"
"","870",""
"32","871","100"
"205","872",""
"68","873","50"
"141","874","10"
"12","875","50"
"175","876","50"
"272","877","50"
"334","878","50"
"349","879","33.299999999999997"
"285","880","25"
"40","881","25"
"219","882","25"
"314","883","25"
"334","884","50"
"349","885","50"
"21","886","50"
"207","887","13.5"
"89","888","100"
"289","889","16.699999999999999"
"326","890","3.7599999999999998"
"58","891","50"
"72","892","50"
"79","893","33.329999999999998"
"","894","100"
"215","895",""
"63","896","25"
"342","897","20"
"104","898","43.75"
"281","899","25"
"340","900","100"
"146","901","50"
"20","902","50"
"189","903","50"
"56","904","25"
"146","905","33.329999999999998"
"175","906","50"
"288","907",""
"259","908","10"
"94","908","50"
"79","908","50"
"82","911","16.66"
"304","908","16.66"
"136","908","25"
"211","908","50"
"344","915","50"
"94","916","50"
"17","917","100"
"123","918","25"
"143","919","25"
"285","920","25"
"1","921","50"
"211","922","2"
"131","923","100"
"334","924","50"
"74","925","100"
"179","926","100"
"322","927","15"
"74","928","100"
"158","929","39"
"52","930","50"
"93","931","50"
"118","932","25"
"154","933","50"
"53","934","25"
"149","935","50"
"94","936","50"
"165","937","10"
"63","938",""
"215","939","50"
"211","940","11.66"
"298","941","5"
"200","942","20"
"281","943","25"
"349","944","25"
"94","945","50"
"211","946","33.340000000000003"
"340","947","50"
"74","948","100"
"40","949","25"
"68","950","50"
"118","951","50"
"40","952","25"
"287","953","25"
"20","954","50"
"154","955","50"
"211","955","25"
"123","958","33.329999999999998"
"149","959","100"
"245","960","50"
"205","961","65"
"123","962","10"
"158","963","50"
"334","964","50"
"95","965","100"
"231","966","16.66"
"334","967","50"
"260","968","33.329999999999998"
"38","969","11.75"
"215","970","33.329999999999998"
"136","971","50"
"164","972","25"
"211","973","50"
"149","974","75"
"158","975","33"
"4","976","50"
"332","977","50"
"299","978","40"
"56","979","25"
"94","980","50"
"211","981","14"
"63","982","50"
"63","983","25"
"149","984","50"
"200","985","10.414999999999999"
"352","986","25"
"141","987","9.5"
"95","987","100"
"199","989","25"
"94","990","50"
"4","991","25"
"118","992","50"
"215","993","100"
"179","994","100"
"79","995","33.329999999999998"
"20","996","50"
"328","997","50"
"109","998","100"
"72","999","6.25"
"","1000","100"
"215","1001","100"
"118","1002","50"
"56","1003","25"
"115","1004","25"
"238","1005","100"
"215","1006","100"
"","1007","50"
"149","1008","50"
"38","1009","25"
"279","1010","25"
"146","1011","33.329999999999998"
"332","1012","50"
"334","1012","50"
"199","1014","10"
"132","1015","50"
"200","1016",""
"332","1017","50"
"38","1018","12.5"
"332","1019","25"
"307","1020","12.5"
"263","1021","50"
"109","1022","100"
"123","1023","5"
"31","1024","20"
"146","1025","33.329999999999998"
"146","1026","33.329999999999998"
"281","1027","25"
"143","1028","7"
"307","1029","50"
"38","1030","45"
"72","1031","100"
"183","1032","50"
"149","1033","50"
"179","1034","50"
"82","","10"
"326","1035","20"
"307","1036","33.299999999999997"
"63","1037","50"
"316","1038","50"
"316","1039","15"
"256","1040","25"
"104","1041","50"
"304","1042","8"
"21","1043","12.5"
"115","1044","50"
"20","1045","33.329999999999998"
"99","1046","25"
"334","1047","20"
"121","1048","25"
"123","1049","33.329999999999998"
"123","1050","33.329999999999998"
"","1051","16.670000000000002"
"52","1052","50"
"95","1053","50"
"89","1054","37.5"
"20","1055","50"
"115","1056","50"
"107","1057","100"
"123","1058","50"
"143","1059","10"
"57","1060","20"
"146","1061","50"
"318","1062","5"
"344","1063","50"
"205","1064","20"
"123","1065","25"
"211","1066","33.340000000000003"
"332","1067","33.329999999999998"
"334","1068","50"
"17","1069","8.5"
"","1070","33.329999999999998"
"339","1071","10"
"256","1072","25"
"349","1073","50"
"211","1073","50"
"275","1075",""
"179","1076","50"
"323","1077","25"
"332","1078","100"
"174","1079","25"
"12","1080","50"
"68","1081","100"
"32","1082","50"
"149","1083","50"
"","1084","50"
"205","1085","61"
"109","1086","100"
"179","1087","100"
"281","1088","50"
"104","1088","50"
"87","1090","35"
"104","2174","100"
"297","2185","25"
"74","1091","100"
"332","1092","100"
"211","1093","33.329999999999998"
"82","1094","16.66"
"179","1095","25"
"211","1096","50"
"99","1097","100"
"349","1098","50"
"20","1099","20"
"349","1100","50"
"307","1101","25"
"281","1102","25"
"134","1103","1"
"211","1104","20"
"38","1105","25"
"211","1106","50"
"199","1107","20"
"87","1108","50"
"211","1109","33.329999999999998"
"32","1110","100"
"189","1111","50"
"74","1112","100"
"118","1113","50"
"158","1114","55"
"265","1115","25"
"74","1116","100"
"211","1117","2"
"99","1118","100"
"221","1119","100"
"344","1120","50"
"123","1121","25"
"200","1122","12.5"
"58","1123","50"
"268","1124","33.329999999999998"
"221","1125","100"
"211","1126","33.340000000000003"
"332","1127","50"
"200","1128",""
"200","1129",""
"4","1130","50"
"56","1131","25"
"89","1132","100"
"74","1133","100"
"263","1134","30"
"200","1135","7.5"
"215","1136","50"
"123","1137","5"
"195","1137","25"
"72","1139","50"
"275","1140","10"
"136","1141","25"
"281","1142","25"
"63","1143","50"
"179","1144","100"
"204","1145",""
"67","1146","25"
"118","1147","12.5"
"104","1148","100"
"179","1149","25"
"281","1150","18.75"
"155","1151",""
"136","1152","25"
"205","1153","51"
"219","1154","25"
"304","1155","50"
"238","1156","100"
"20","1157","20"
"259","1158",""
"104","1159","100"
"353","1160","50"
"32","1160","16.68"
"149","1162","25"
"211","1163","33.329999999999998"
"209","1164","12.5"
"263","1165","50"
"94","1166","25"
"74","1167","50"
"136","1168","45"
"118","1169","50"
"118","1170","50"
"146","1171","50"
"332","1172","33.329999999999998"
"164","1173","25"
"211","1174","33.340000000000003"
"211","1175","50"
"104","1176","100"
"334","1177","100"
"183","1178","50"
"132","1179","10"
"179","1180","25"
"174","1181","22.5"
"286","1182","1.75"
"165","1183","16.66"
"158","1184","50"
"72","1185","16.670000000000002"
"200","1186",""
"4","1187","50"
"132","1188","50"
"74","1189","100"
"56","1190",""
"32","1191","15"
"219","1192","16.670000000000002"
"340","1193","100"
"52","1194",""
"94","1195","50"
"337","1196","12.5"
"175","1197","50"
"56","1198","13.875"
"209","1199","16.66"
"68","1200","100"
"32","1201","20"
"175","1202","50"
"281","1203","33.329999999999998"
"93","1205","12.5"
"135","1206","25"
"352","1207","50"
"94","1208","50"
"","1209","50"
"179","1210","50"
"","1211","33.329999999999998"
"107","1212","100"
"334","1213","50"
"334","1214","50"
"149","1215","50"
"281","1216","25"
"","1217","10"
"345","1218","100"
"205","1219","72"
"332","1220","33.329999999999998"
"118","1221","50"
"288","1222",""
"223","1223","5"
"334","1224","50"
"109","1225","100"
"118","1226","50"
"56","1227","50"
"121","1228","25"
"63","1229","20"
"132","1230","25"
"107","1231","100"
"186","1232","50"
"316","1233","5"
"175","1234","50"
"118","1235","50"
"12","1236","50"
"20","1237","50"
"243","1238","100"
"38","1239","25"
"332","1240","50"
"211","1241","33.340000000000003"
"334","1242","100"
"287","1243","25"
"118","1244","50"
"20","1245","33.329999999999998"
"345","1246","100"
"143","1247","10"
"298","1248","17.5"
"283","1249","33.329999999999998"
"285","1250","25"
"40","1251","50"
"179","1252","50"
"179","1253","50"
"89","1254","37.5"
"263","1255","30"
"207","1256","50"
"79","1257","16.66"
"146","1258","50"
"200","1259","24.5"
"204","1260","50"
"94","1261","50"
"68","1262","100"
"332","1263","50"
"349","1264","20"
"38","1265","12.5"
"87","1265","50"
"219","1267","25"
"62","1268","50"
"94","1269","50"
"118","1270","50"
"219","1271","25"
"271","1272","60"
"82","1273","16.66"
"132","1274","12.5"
"149","1275","100"
"24","1276","16.66"
"","1277",""
"183","1278","50"
"283","1279","33.329999999999998"
"154","1280","12.5"
"118","1281","50"
"334","1282","50"
"5","1283","100"
"125","1284","6.25"
"84","1285","50"
"75","1286","50"
"131","1287","100"
"165","1288","5"
"74","1289","100"
"277","1290","10"
"104","1291","100"
"149","","25"
"","",""
"","",""
"149","1295","50"
"316","1296","25"
"118","1297","50"
"6","1298","100"
"132","1299","50"
"123","1300","25"
"307","1301","16.670000000000002"
"211","1302","50"
"211","1303","50"
"99","1304","50"
"17","1305","20"
"118","1306","50"
"280","1307","50"
"211","1308","12.5"
"334","1309","50"
"332","1310","33.329999999999998"
"99","1311","25"
"17","1312",""
"149","1313","80"
"68","1314","50"
"323","1315","50"
"89","1316","30"
"207","1317","50"
"94","1318","50"
"94","1319","50"
"200","1320","25"
"17","1321","100"
"332","1322","50"
"345","1323","100"
"95","1324","100"
"31","1325",""
"219","1326","25"
"56","1327","50"
"63","1328","50"
"123","1329","20"
"84","1330","50"
"118","1331","50"
"166","1332","50"
"166","1333","50"
"31","1334","20"
"179","1335","100"
"123","1336","50"
"74","1337","100"
"74","1338","100"
"6","1339","100"
"268","1340","33.329999999999998"
"199","1341","25"
"136","1342","16.66"
"99","1343","50"
"161","1344","16.66"
"238","1345","100"
"238","1346","100"
"115","1347","37.5"
"","1348",""
"179","1349","50"
"79","1350","100"
"200","1350","50"
"99","1352","50"
"221","1353","100"
"349","1354","50"
"149","1355","50"
"334","1356","50"
"104","1357","100"
"205","1358",""
"126","1358","66"
"104","1360","100"
"211","1361","50"
"145","1362","100"
"323","1363","50"
"291","1364","50"
"281","1365","12.5"
"263","1366","75"
"146","1367","50"
"307","1368","20"
"149","1369","50"
"104","1370","50"
"211","1371","25"
"175","1372","50"
"74","1373","100"
"304","1374","50"
"189","1375","30"
"279","1376","25"
"149","1377","33.340000000000003"
"261","1378","50"
"179","1379","100"
"205","1380",""
"","1381","100"
"215","1382","50"
"118","1383","50"
"52","1384","50"
"127","1385","10"
"136","1386","16.66"
"215","1387","100"
"31","1388","33.329999999999998"
"326","1389","3.3999999999999999"
"298","1390","16.670000000000002"
"325","1391","4"
"325","1392","4"
"272","1393","50"
"20","1394","5"
"94","1395","50"
"183","1396","50"
"56","1397","50"
"281","1398","33.329999999999998"
"141","1399","13.33"
"179","1400","50"
"289","1401","12.5"
"345","1402","100"
"72","1403","12.5"
"5","1404","100"
"159","1405","16.66"
"20","1406","25"
"45","1407","50"
"6","1408","33.329999999999998"
"164","1409","25"
"141","1410","16"
"97","1411","50"
"146","1412","33.329999999999998"
"259","1413","50"
"215","1414","100"
"20","1415","20"
"299","1416","50"
"99","1417","50"
"349","1418","50"
"68","1419","100"
"349","1420","42.5"
"123","1421","25"
"281","1423","25"
"289","1423","20"
"332","1425","50"
"31","1426","50"
"271","1427","20"
"79","1428","13.33"
"123","1429","33.329999999999998"
"89","1430","25"
"303","1431","50"
"38","1432","15"
"58","1433","50"
"118","1434","50"
"89","1435","50"
"179","1436","50"
"259","1437","50"
"304","1438","50"
"141","1439","16.66"
"189","1440","50"
"334","1441","100"
"154","1442","50"
"8","1443","11"
"","1444","100"
"","1445","50"
"298","1446","50"
"238","1447","100"
"132","1448","25"
"199","1449","15"
"326","1450","33.32"
"113","1451","25"
"17","1452","20"
"44","1453","10"
"104","1455","100"
"307","1456","16.670000000000002"
"145","1457","100"
"131","1458","33.329999999999998"
"118","1459","25"
"147","1460","50"
"211","1461","33.329999999999998"
"112","1462","10"
"120","1463","10"
"132","1464","50"
"147","1465","25"
"26","1466","16.66"
"118","1467","50"
"99","1468","50"
"209","1469","25"
"109","1470","100"
"32","1471","100"
"20","1472","50"
"118","1473","50"
"304","1474","50"
"183","1475","50"
"149","1476","50"
"20","1477","20"
"68","1478","100"
"145","1479","100"
"107","1480","100"
"94","1481","50"
"94","1482","100"
"281","1484","25"
"6","1485","100"
"118","1486","16.66"
"141","1487","10"
"326","1488","10"
"281","1489","25"
"332","1490","100"
"104","1490","100"
"211","1492","16"
"215","1493","50"
"","1494",""
"113","1495","25"
"","1496",""
"","","25"
"158","1497","50"
"72","1498","10"
"20","1499","50"
"304","1500","16.66"
"307","1501","12.5"
"175","1502","50"
"179","1503","25"
"115","1504","16.66"
"256","1505","25"
"326","1506","12.5"
"93","1507","3.75"
"56","1508","25"
"332","1509","50"
"118","1510","50"
"211","1512","50"
"99","1513","100"
"20","1514","15"
"334","1515","100"
"344","1516","50"
"20","1517","50"
"334","1518","50"
"332","1519","100"
"21","1520","60"
"79","1521","50"
"123","1522","5.5800000000000001"
"316","1523","15"
"307","1524","75"
"132","1525","35"
"63","1526","50"
"211","1527","50"
"211","1528","33.329999999999998"
"2","1529","50"
"24","1530","16.66"
"","1530","25"
"31","1532","20"
"179","1533","50"
"109","1534","100"
"304","1535","10"
"340","1536","100"
"","1537","16.670000000000002"
"149","1538","50"
"180","1539","50"
"179","1540","50"
"215","1541","33.329999999999998"
"349","1542","42.5"
"118","1543","50"
"349","1544","33.299999999999997"
"345","1546","100"
"154","1547","50"
"332","1548","100"
"99","1549","50"
"338","1550","33.329999999999998"
"281","1551","25"
"285","1552","25"
"166","1553","50"
"211","1554","50"
"215","1555","100"
"146","1556","50"
"211","1557","33.329999999999998"
"213","1558","50"
"341","1559","25"
"179","1560","100"
"219","1561","25"
"316","1562","15.01"
"345","1563","100"
"105","1564","50"
"99","1565","25"
"325","1566","3.7400000000000002"
"141","1567","15"
"200","1568",""
"149","1569","50"
"334","1570","50"
"287","1571","25"
"20","1572","50"
"207","1573","20"
"326","1574","12.5"
"289","1575","5"
"179","1576","100"
"146","1577","33.329999999999998"
"149","1578","50"
"179","1579","100"
"67","1580","25"
"158","1581","47"
"211","1582","50"
"95","1583","50"
"307","1584","25"
"149","1585","17.5"
"179","1586","50"
"211","1587","33.329999999999998"
"149","1588","33.329999999999998"
"38","1588","50"
"6","1591","100"
"117","1592","50"
"328","1593","50"
"334","1594","50"
"20","1595","20"
"205","1596",""
"205","1597","50"
"240","1598","50"
"205","1599",""
"31","1600","10"
"179","1601","50"
"31","1602","33.329999999999998"
"118","1603","50"
"82","1604","10"
"215","1605","50"
"281","1606","25"
"74","1607","100"
"205","1608",""
"334","1609","50"
"326","1610","15"
"95","1611","100"
"93","1613","25"
"118","1614","25"
"316","1615","25"
"263","1616","25"
"84","1617","6.6699999999999999"
"281","1618","21.25"
"149","1619","50"
"199","1621","25"
"298","1622","25"
"334","1623","100"
"123","1624","25"
"20","1625","50"
"118","1626","50"
"","",""
"334","1628","50"
"149","1629","25"
"307","1630","100"
"285","1631","25"
"109","1632","100"
"175","1633","50"
"132","1634","35"
"84","1635","14.279999999999999"
"123","1636","25"
"205","1637",""
"159","1638","5"
"123","1639","25"
"104","1641","50"
"205","1642",""
"238","1643","100"
"145","1644","100"
"127","1646","50"
"207","1647","50"
"334","1648","50"
"307","1649","15"
"256","1650","25"
"298","1651","50"
"215","1652","50"
"94","1653","50"
"38","","12.5"
"38","1655","50"
"136","1656","12.5"
"32","1657","50"
"316","1658","15"
"52","1659","50"
"216","1660","25"
"281","1661","25"
"347","1662","25"
"20","1663","16.66"
"164","1664","50"
"146","1665","50"
"68","1666","50"
"268","1667","33.329999999999998"
"259","1668","50"
"304","1669","10"
"145","1670","100"
"123","1671","25"
"281","1672","17.5"
"289","1654","10"
"296","2186","17.5"
"158","2193","49"
"","2194","25"
"","1673",""
"56","1674","25"
"325","1675","5"
"123","1676","15"
"21","2187","100"
"38","1677","6.6699999999999999"
"20","1678","20"
"273","1679","25"
"211","2188","43.75"
"99","1680","100"
"20","1681","30"
"200","1682","12.5"
"334","1683","50"
"313","1684","33.329999999999998"
"320","1685","25"
"149","1686","100"
"56","1687","25"
"287","1688","50"
"259","1689","0"
"211","1690","30"
"304","1691","25"
"26","1692","12.5"
"","1693","16.670000000000002"
"72","1694","50"
"12","1695","50"
"325","1696","18.739999999999998"
"94","1697","50"
"118","1698","25"
"200","1699","25"
"240","1700","25"
"281","2189","18.75"
"273","1701","25"
"118","1702","50"
"93","1703","25"
"132","1704","50"
"17","1705","12.5"
"326","1706","25"
"131","1707","100"
"345","1708","100"
"278","1709","6"
"205","1710",""
"211","1711","50"
"231","1712","25"
"2","1713","50"
"144","1714","25"
"117","2195","25"
"63","2190","50"
"1","1715","50"
"275","1716","40"
"272","1717","50"
"272","1718","50"
"307","1719","25"
"211","1720","33.340000000000003"
"281","1721","25"
"259","1722","50"
"146","1723","50"
"207","1724","25"
"56","1725","25"
"240","1726","33.329999999999998"
"145","1726","100"
"63","1728","50"
"149","1729","25"
"199","1730","25"
"283","1732","25"
"211","1733","50"
"211","1734","30"
"240","1735","25"
"123","1736","25"
"123","1737","12.5"
"38","1738","2.5"
"62","1738","2.5"
"238","1740","100"
"135","1741","15"
"332","1742","25"
"1","1743","25"
"256","1744","25"
"332","1745","50"
"207","1746","30"
"307","1747","5"
"316","1748","100"
"211","1749","40"
"207","1750","50"
"211","1751","35"
"20","1752","20"
"63","1753","50"
"272","1754","50"
"135","1755","16.66"
"345","1756","100"
"261","1757","50"
"211","1758","50"
"179","1759","50"
"149","1761","50"
"135","1760",""
"180","1762","50"
"104","1763","100"
"205","1764","63"
"38","1765","25"
"275","1766",""
"149","1767","50"
"","1768","25"
"4","1769","50"
"38","1770","45"
"159","1771","5"
"","1772","50"
"219","1773","16.66"
"115","1774","50"
"","1775","50"
"99","","100"
"149","1776","50"
"132","1777","45"
"215","1778","100"
"104","1779","100"
"99","1780","100"
"","1781","50"
"256","1782","25"
"17","1783","25"
"17","1784","11.5"
"4","1785","16.66"
"211","1786","40"
"115","1787","6.25"
"307","1788","25"
"94","1789","50"
"56","1790","25"
"136","1791","25"
"334","1792","100"
"203","1793","33.329999999999998"
"207","1794","50"
"298","1795","50"
"","1796","50"
"284","1797","10"
"215","1798","100"
"89","1799","100"
"89","1800","100"
"2","1801","25"
"307","1802","12.5"
"109","1803","100"
"149","1804","100"
"332","1805","100"
"94","1806","50"
"135","1807","50"
"322","1808","15"
"345","1809","100"
"123","1810","33.329999999999998"
"211","1811","25"
"","1812","100"
"84","1813","8.3300000000000001"
"149","1814","50"
"74","1815","100"
"17","1816","42.5"
"349","1817","33.299999999999997"
"215","1818","100"
"154","1819","50"
"179","1820","50"
"281","1821","25"
"149","1822","100"
"307","1823","8.75"
"215","1824","100"
"166","1825","12.5"
"38","2175","33.329999999999998"
"189","1825","50"
"287","1826","25"
"259","1827",""
"186","1828","50"
"149","1829","50"
"94","1830","50"
"179","1831","100"
"74","1832","100"
"149","1833","50"
"63","1834","15"
"256","1835","25"
"84","1836","33.329999999999998"
"131","1837","50"
"155","1838",""
"135","1839",""
"149","1840","25"
"20","1841","50"
"","1842","25"
"72","1843","25"
"211","1844","16.66"
"89","1845","50"
"175","1846","50"
"68","1847","50"
"135","1848","50"
"197","1849","100"
"211","1850","50"
"205","1851","64"
"104","1852","100"
"2","1853","50"
"99","1854","100"
"281","1855","25"
"215","1856","100"
"334","1857","50"
"146","1858","16.66"
"154","1859","50"
"118","1860","50"
"164","1861","50"
"118","1862","50"
"118","1863","50"
"165","1864","12.5"
"159","1865","8.3300000000000001"
"326","1866","37.5"
"165","1867","7.1399999999999997"
"165","1868","25"
"159","1868","25"
"164","1870","12.5"
"26","1871","12.5"
"20","1872","20"
"149","1873","25"
"123","1874","25"
"332","1875","33.329999999999998"
"211","1876","50"
"332","1877","100"
"20","1878","33.329999999999998"
"215","1879","100"
"149","1880","50"
"215","1881","12.5"
"159","1882","25"
"136","1883","50"
"","1884","12.5"
"154","1885","50"
"38","1886","11.75"
"154","1887","12.5"
"307","1888","25"
"82","1889","20"
"84","1890","75"
"118","1891","50"
"334","1892","50"
"","1893","8.3300000000000001"
"68","1894","100"
"104","1895","100"
"179","1896","100"
"179","1897","100"
"146","1898","33.329999999999998"
"20","1899","50"
"275","1900",""
"31","1901","20"
"172","1902","15"
"123","1903","25"
"135","1904",""
"94","1905","50"
"32","1906","50"
"94","1907","25"
"4","1908","25"
"261","1909","50"
"21","1910","50"
"271","1911",""
"211","1912","50"
"118","1913","50"
"118","1914","50"
"237","1915","30"
"146","1916","33.329999999999998"
"282","1917","18.5"
"281","1917","18.5"
"217","1919","33.329999999999998"
"71","1920","12.5"
"278","1921","10"
"334","1922","50"
"132","1923","16.329999999999998"
"118","1924","50"
"115","1925","50"
"123","1926","16.66"
"334","1927","100"
"298","1928","50"
"334","1929","100"
"118","1930","50"
"166","1931","50"
"131","1932","10"
"149","1933","33.340000000000003"
"68","1934","100"
"179","1935","100"
"20","1936","25"
"215","1937","100"
"154","1938","50"
"215","1939","50"
"215","1940","50"
"215","1941","50"
"211","1942","5"
"271","1943","8.3399999999999999"
"4","1944","25"
"345","1945","100"
"63","1946","50"
"94","1947","50"
"146","1948","33.329999999999998"
"99","1949","50"
"71","1950","25"
"38","1951","75"
"132","1952","12.5"
"135","1953","50"
"132","1954","50"
"135","1955",""
"259","1956","50"
"149","1957","50"
"296","1958","16.68"
"74","1959","100"
"288","1960","45"
"215","1961","100"
"74","1962","100"
"154","1963","15"
"82","1964","25"
"135","1965","10"
"79","1966","50"
"205","1967",""
"344","1968","50"
"4","1969","50"
"179","1970","25"
"281","1971","12.5"
"353","1972","25"
"165","1973","12.5"
"118","1974","50"
"74","1975","50"
"63","1976","25"
"","1977","9.3699999999999992"
"68","1979","100"
"21","1980","100"
"132","1981","50"
"57","1982","16.66"
"205","1983","71"
"215","1984","100"
"276","1985","50"
"200","1986","25"
"55","1987","16.66"
"149","1988","25"
"281","1989","25"
"132","1990","50"
"95","1991","100"
"221","1992","100"
"118","1993","50"
"141","1994","6.25"
"123","1995","33.329999999999998"
"94","1996","50"
"179","1997","33.329999999999998"
"288","1998",""
"261","1999","25"
"75","2000","25"
"175","2001","50"
"32","2002","26.66"
"211","2003","33.340000000000003"
"131","2004","100"
"281","2005","25"
"332","2006","25"
"332","2007","50"
"118","2008","50"
"132","2009","16.329999999999998"
"207","2010","50"
"123","2011","25"
"38","2012","12.5"
"332","2013","50"
"63","2014","50"
"159","2015","12.5"
"204","2016","25"
"123","2017","25"
"123","2018","25"
"154","2019","50"
"154","2020","50"
"189","2021","12.5"
"71","2022","50"
"62","2023","100"
"24","2024","50"
"132","2025","25"
"316","2026","15"
"4","2027","25"
"159","2028","12.5"
"325","2029","4.5"
"333","2030","100"
"","2031","10"
"307","2032","12.5"
"179","2033","50"
"154","2034","50"
"94","2035","50"
"107","2036","100"
"","2037","16.670000000000002"
"68","2038","50"
"89","2039","25"
"211","2040","50"
"136","2041","50"
"345","2043","100"
"281","2044","12.5"
"307","2045","35"
"166","2046","50"
"332","2047","33.329999999999998"
"200","2048","25"
"123","2049","50"
"199","2050","15"
"94","2051","50"
"132","2052","15"
"56","2053","25"
"334","2054","50"
"340","2055","100"
"105","2056","17.5"
"207","2057","50"
"340","2058","100"
"38","2059","25"
"94","2060","50"
"334","2061","100"
"149","2062","33.340000000000003"
"211","2063","33.340000000000003"
"215","2064","100"
"261","2065","25"
"179","2066","50"
"","2067","100"
"84","2068","33.329999999999998"
"132","2069","40"
"340","2070","50"
"340","2071","100"
"281","2072","10"
"302","2073","27.5"
"123","2074","50"
"228","2075","25"
"316","2076","100"
"17","2077","50"
"89","2078","100"
"89","2079","100"
"143","2080","10"
"146","2081","50"
"146","2082","50"
"118","2083","50"
"146","2084","50"
"118","2085","50"
"199","2086","10"
"200","2087","26.670000000000002"
"345","2088","100"
"123","2089","50"
"149","2090","33.340000000000003"
"290","2091","17.5"
"17","2092","8.3300000000000001"
"118","2093","50"
"56","2094","25"
"141","2095","20"
"132","2096","16.66"
"62","2097","100"
"62","2098","100"
"62","2099","100"
"62","2100","100"
"87","2101","50"
"165","2102","12.5"
"72","2103","50"
"259","2104","50"
"124","2105","50"
"323","2106","50"
"338","2107","33.340000000000003"
"149","2108","50"
"56","2109","25"
"68","2110","50"
"238","2111","100"
"334","2112","50"
"179","2113","25"
"63","2114","15"
"12","2115","50"
"211","2116","4"
"285","2117","25"
"334","2118","50"
"20","2119","50"
"158","2120","48"
"340","2121","50"
"63","2122","50"
"20","2123","50"
"123","2124","20"
"89","2125","33.329999999999998"
"68","2126","50"
"9","2127","5"
"38","2128","10"
"316","2129","33.329999999999998"
"304","2130","10"
"20","2131","50"
"332","2132","100"
"72","2133","50"
"136","2134","16.66"
"307","2135","20"
"12","2136","50"
"205","2137","100"
"85","21","25"
"258","27","25"
"36","37","50"
"29","52","50"
"132","54","25"
"311","71","8.3300000000000001"
"315","75","25"
"282","76","25"
"222","77","50"
"282","110","16.670000000000002"
"292","114","50"
"82","119","50"
"177","130","50"
"113","133","25"
"209","140","25"
"184","2179","50"
"26","146","10"
"282","161","25"
"75","175","7.5"
"45","179","50"
"134","182","5"
"135","195","5.5499999999999998"
"334","198","50"
"315","233","10"
"222","245","50"
"197","246","33.329999999999998"
"282","255","25"
"311","265","30"
"258","267","25"
"82","359","16.66"
"282","366","25"
"164","413","25"
"282","423","20"
"310","425","25"
"315","434","25"
"258","435","25"
"175","444",""
"157","456","10"
"282","459","50"
"282","472","25"
"283","473","33.329999999999998"
"175","491","50"
"282","495","25"
"","524","50"
"282","547","50"
"280","549","20.829999999999998"
"134","558","16.66"
"311","571","16.670000000000002"
"297","586","21.875"
"315","593","25"
"180","642","50"
"26","656","12.5"
"258","660","25"
"315","673","25"
"348","676","15"
"196","677","25"
"49","685","50"
"164","692","16.66"
"282","702","7.5"
"8","706","12.5"
"8","722","12.5"
"282","744","25"
"","766","10"
"292","808","50"
"120","809","25"
"196","862","10"
"282","867","20"
"231","868","10"
"180","876","50"
"315","883","25"
"343","897","20"
"211","898","43.75"
"282","899","25"
"175","906","50"
"159","937","5"
"282","943","25"
"340","947","50"
"175","955","50"
"180","955","50"
"135","966","16.66"
"209","972","25"
"82","1004","25"
"282","1027","25"
"258","1040","25"
"82","1056","50"
"258","1072","25"
"211","1088","50"
"295","1090","25"
"123","1094","16.66"
"213","1099","20"
"311","1101","25"
"282","1102","25"
"266","1106","25"
"282","1142","25"
"11","1146","25"
"282","1150","18.75"
"325","1164",""
"164","1169","25"
"209","1173","25"
"9","1179","10"
"180","1197","50"
"164","1199","16.66"
"180","1202","50"
"282","1203","33.329999999999998"
"340","1214","50"
"282","1216","25"
"67","1230","25"
"180","1234","50"
"311","1301","16.670000000000002"
"231","1308","12.5"
"122","1347","12.5"
"282","1365","12.5"
"104","1371","25"
"180","1372","25"
"165","1405","16.66"
"282","1423","25"
"26","1443","11"
"262","1451","25"
"311","1456","16.670000000000002"
"121","1463","10"
"8","1466","16.66"
"164","1469","25"
"282","1484","25"
"282","1489","25"
"262","1495","25"
"180","1502","50"
"122","1504","16.66"
"258","1505","25"
"175","1539","25"
"282","1551","25"
"311","1584","25"
"282","1606","25"
"282","1618","21.25"
"180","1633","50"
"136","1645","50"
"258","1650","25"
"282","1661","25"
"348","1662","25"
"282","1672","17.5"
"104","2188","43.75"
"312","1684","33.329999999999998"
"292","1688","50"
"8","1692","12.5"
"248","1700","25"
"282","2189","18.75"
"36","1713","50"
"311","1719","25"
"282","1721","25"
"217","1724","25"
"258","1744","25"
"175","1762","50"
"299","1773","16.66"
"82","1774","50"
"258","1782","25"
"311","1788","25"
"36","1801","25"
"282","1821","25"
"311","1823","8.75"
"271","1825","50"
"258","1835","25"
"180","1846","50"
"","1850","50"
"282","1855","25"
"","1857","50"
"159","1864","12.5"
"159","1867","7.1399999999999997"
"209","1870","12.5"
"8","1871","12.5"
"75","1887","12.5"
"104","1912","50"
"","1918","12.5"
"32","1925","50"
"282","1971","12.5"
"159","1973","12.5"
"282","1989","25"
"154","2000","25"
"180","2001","50"
"282","2005","25"
"165","2015","12.5"
"104","2040","50"
"282","2044","12.5"
"44","2056","17.5"
"282","2072","40"
"55","2101","50"
"159","2102","12.5"
"","2121","50"
"299","314","12.5"
"353","552","25"
"151","576","10"
"68","662","1"
"","690","25"
"151","691","15"
"","706","16.66"
"","712","16.66"
"","723","3"
"","727","50"
"","729","50"
"","774","25"
"31","785","3"
"","803","16.66"
"","817","33.329999999999998"
"255","880","25"
"189","882","50"
"","908","25"
"151","961","25"
"","1021","50"
"","1036","25"
"","1037","10"
"260","1048","35"
"","1054","25"
"","1073","25"
"","1082","14"
"","1088","7.1399999999999997"
"","1094","50"
"","1149","12.5"
"","1178","25"
"324","9","5"
"255","27","25"
"255","267","25"
"255","435","25"
"310","571","50"
"255","660","25"
"87","682","16.66"
"255","1040","25"
"255","1072","25"
"","1085","4"
"159","1183","16.66"
"299","1192","16.66"
"31","1358","1"
"310","1456","16.66"
"40","1466","50"
"255","1505","25"
"255","1650","25"
"255","1744","25"
"151","1764","1"
"255","1782","25"
"255","1835","25"
"204","1867","7.1399999999999997"
"105","2015","25"
"283","101","20"
"82","105","16.670000000000002"
"165","343",""
"","564","3.3399999999999999"
"307","849","12.5"
"","1064","17.5"
"234","1103","1"
"","1137","25"
"","1137","5"
"231","1741","15"
"","232","5"
"159","1103","1"
"165","1103","1"
"","232","5"
"","1965","14.06"
"371","","30"
"99","1978","100"
"","",""
"275","",""
"","",""
"","4",""
"354","2156","20"
"257","435","25"
"350","360","25"
"299","364","50"
"135","399","18.25"
"151","540","10"
"257","660","25"
"","766","10"
"151","1153","15"
"234","1183","16.66"
"151","1219","3"
"240","1228","50"
"132","1311","25"
"151","1358","1"
"298","1408","33.329999999999998"
"349","1422","50"
"","1423",""
"299","1561","25"
"357","","30"
"257","1744","25"
"357","","25"
"161","1867","7.1399999999999997"
"83","1871","50"
"357","","25"
"323","1951","25"
"234","1973","12.5"
"44","2015","25"
"357","","25"
"","",""
"360","2863","5"
"359","2863","5"
"335","2147","10"
"20","2148","20"
"211","2149","50"
"104","2149","50"
"323","2150","10"
"332","2151","50"
"304","2153",""
"356","2154","35"
"354","2154","35"
"355","2154","5"
"354","2155","20"
"356","2155","20"
"355","2155","5"
"356","2156","25"
"355","2156","15"
"363","2157","6"
"149","1627","50"
"149","2159","50"
"149","2160","50"
"149","2161","50"
"149","2163","40"
"149","2164","40"
"149","2166","50"
"149","2167","50"
"149","2162","50"
"365","2168","10"
"365","2169","13.4"
"365","2170","33.329999999999998"
"304","2170","33.329999999999998"
"385","2171","15"
"385","2172","10.5"
"6","","100"
"6","2202","100"
"364","1020","12.5"
"364","1501","12.5"
"364","1802","12.5"
"385","2196","10"
"385","2197","5"
"365","","10"
"385","2198",".5"
"","",""
"385","2199","10"
"385","2201","2.5"
"364","2204","50"
"192","462","10"
"334","2205","100"
"334","2205","100"
"332","2207","100"
"53","2208","12.5"
"207","2210","20"
"52","2209","50"
"132","2211","6.6699999999999999"
"132","2212","12.5"
"293","2213","50"
"118","2214","12.5"
"118","2225","20"
"118","2226","10"
"325","2227","2.1899999999999999"
"325","2215","12.5"
"325","2216","10"
"62","2217","20"
"281","2219","33"
"281","2220","33"
"135","2221","20"
"84","2223","50"
"260","2224","50"
"361","2228","25"
"331","2228","25"
"334","2229","50"
"334","2230","50"
"362","2231","15"
"207","","17.5"
"","",""
"302","2233","50"
"118","2236","25"
"118","2240","50"
"118","2246","10"
"118","2249","50"
"118","2252","10"
"118","2258","50"
"118","2259","50"
"","",""
"97","2237","50"
"240","2238","25"
"115","2239","50"
"82","2239","50"
"84","2241","20"
"115","2242","100"
"334","2296","20"
"118","2261","50"
"118","2262","10"
"97","2263","50"
"312","2264","50"
"312","2243","50"
"97","2244","50"
"312","2245","33"
"179","2247","50"
"97","2248","50"
"97","2250","50"
"293","2251","50"
"52","2253","50"
"97","2254","50"
"117","2255","16.66"
"240","2256","33.329999999999998"
"240","2257","33.329999999999998"
"260","2257","33.329999999999998"
"4","2265","9"
"117","2266","15"
"97","2267","50"
"118","2268","10"
"293","2269","50"
"121","2270","12.5"
"260","2270","20"
"97","2271","50"
"260","2272","25"
"263","2273","100"
"118","2274","33.299999999999997"
"293","2276","33.299999999999997"
"312","2277","33"
"293","2278","33.299999999999997"
"118","2279","20"
"82","2280","33.299999999999997"
"340","2281","100"
"118","2282","50"
"240","","99"
"276","2283","50"
"312","2284","33"
"263","2285","100"
"97","2286","50"
"97","2287","50"
"240","","99"
"97","2288","50"
"199","2289","50"
"240","","99"
"118","2290","33.299999999999997"
"118","2291","50"
"118","2292","50"
"118","2293","50"
"97","2294","50"
"240","","99"
"118","2295","50"
"52","","99"
"186","","100"
"367","2297","50"
"367","2298","50"
"367","2299","50"
"367","2300","50"
"336","582","50"
"367","2301","50"
"","664","20.829999999999998"
"341","2302","16"
"367","2306","33.329999999999998"
"341","2304","25"
"367","2303","50"
"97","2305","30"
"367","2307","37"
"367","2308","37"
"367","2309","50"
"367","2310","50"
"207","2232","17.5"
"367","","50"
"367","2312","50"
"367","2313","50"
"367","2314","50"
"367","2315","33.329999999999998"
"367","2316","50"
"367","2317","50"
"367","2318","50"
"367","2319","50"
"367","2320","40"
"367","2321","50"
"367","2322","33.329999999999998"
"367","2323","37"
"367","2324","504"
"367","2325","50"
"367","2326","50"
"367","2327","50"
"367","2328","50"
"367","2329","33.329999999999998"
"364","2330","8"
"307","2330","8"
"334","2206","100"
"334","2332","100"
"334","2333","100"
"334","2334","100"
"334","2335","100"
"334","2336","100"
"334","2337","50"
"334","2338","50"
"367","2341","50"
"334","2339","50"
"334","2340","50"
"340","2331","100"
"364","2342","16"
"364","2343","16"
"","2139",""
"385","2344","7.5"
"385","2345","20"
"385","2346","10"
"385","2347","15"
"122","2349","20"
"72","",""
"84","2350","27.5"
"72","","99"
"72","","99"
"72","","99"
"72","","99"
"","1070",""
"369","1070","33.329999999999998"
"369","1211","33.329999999999998"
"369","1204","25"
"369","2031","10"
"334","2351","100"
"370","2352","5"
"123","2353","60"
"298","2355","50"
"361","2354","25"
"331","2354","25"
"352","2356","30"
"262","2357","25"
"17","2358","50"
"72","","99"
"72","","99"
"136","2359","50"
"118","2360","10"
"231","118","10"
"17","2361","25"
"312","2362","50"
"312","2363","50"
"312","2364","33"
"312","2365","50"
"312","2366","33"
"312","2367","33"
"93","2368","16.66"
"231","","99"
"72","","99"
"97","2369","50"
"72","","99"
"72","","99"
"","","99"
"","","99"
"85","2370","14.289999999999999"
"72","","99"
"179","2371","50"
"72","","99"
"97","2372","50"
"72","","99"
"72","","99"
"72","","99"
"72","","99"
"97","2373","50"
"293","2374","50"
"118","2375","33.299999999999997"
"118","2376","50"
"118","2377","50"
"118","2378","10"
"72","","99"
"72","","99"
"85","2379","12.5"
"52","2380","50"
"97","2381","50"
"72","","99"
"291","2382","100"
"72","","99"
"117","2383","16.66"
"352","2384","25"
"149","2385","75"
"349","2386","50"
"85","2387","25"
"307","2388","25"
"123","2389","33.299999999999997"
"72","","99"
"26","2390","25"
"8","2391","25"
"72","","99"
"149","2392","50"
"118","2393","10"
"340","2394","100"
"260","","33.299999999999997"
"189","2395","50"
"117","2396","20"
"118","2397","50"
"123","2398","100"
"72","","99"
"53","2399","50"
"118","2400","50"
"12","2401","11"
"334","2402","50"
"334","2403","34"
"118","2404","10"
"118","2405","10"
"135","2406","15"
"269","2407","100"
"186","2408","33.299999999999997"
"179","2409","100"
"349","2410","20"
"123","2411","10"
"","","99"
"263","2412","25"
"","","99"
"","","99"
"304","2413","8.3300000000000001"
"146","2414","33.299999999999997"
"334","2415","20"
"166","2416","50"
"154","2417","50"
"154","2418","50"
"340","2419","100"
"334","2420","33.329999999999998"
"332","2421","33.299999999999997"
"9","2422","25"
"4","2423","50"
"38","","99"
"135","2424","12.5"
"340","2425","100"
"263","2426","100"
"1","","99"
"1","","99"
"132","2427","8.3300000000000001"
"1","","99"
"334","2428","33.329999999999998"
"237","2429","16.800000000000001"
"298","2430","50"
"334","2431","100"
"1","","99"
"1","","99"
"340","2432","100"
"340","2433","100"
"118","2434","25"
"132","2435","20"
"179","2436","100"
"132","2437","9.0899999999999999"
"340","2438","100"
"334","2439","100"
"340","2440","100"
"340","2441","100"
"71","2442","50"
"75","2443","33.299999999999997"
"310","2444","50"
"293","2445","50"
"184","2446","25"
"52","2447","50"
"304","2448","25"
"349","","50"
"349","2449","50"
"317","2450","50"
"71","","99"
"118","2451","10"
"118","2452","50"
"237","2453","33.299999999999997"
"1","","99"
"82","2456","10"
"1","","99"
"323","2455","100"
"323","2454","100"
"334","2457","50"
"296","2458","20"
"127","2459","20"
"","","99"
"135","2461","25"
"136","2462","50"
"340","2463","100"
"118","2464","20"
"293","2465","50"
"","","99"
"121","2467","50"
"97","2468","50"
"293","2469","50"
"135","2470","100"
"115","2471","25"
"231","","99"
"293","2472","33.299999999999997"
"293","2473","50"
"307","2474","33.299999999999997"
"293","2476","50"
"","","99"
"231","","99"
"149","2477","37.5"
"","","99"
"354","2478","20"
"293","2479","50"
"217","2480","16.66"
"295","2481","50"
"293","2482","50"
"132","2483","25"
"295","","99"
"118","2484","50"
"118","2485","50"
"293","2486","33.299999999999997"
"20","","99"
"349","2487","16.600000000000001"
"","","99"
"293","","99"
"334","2488","100"
"231","","99"
"146","2489","50"
"334","2490","50"
"340","2491","100"
"311","1888","25"
"141","","99"
"334","2492","100"
"293","2493","25"
"118","2494","25"
"164","1860","50"
"263","2495","100"
"349","2496","50"
"334","2497","100"
"20","2498","45"
"118","2499","50"
"263","2500","50"
"4","2501","50"
"132","","99"
"123","2502","12.5"
"340","2503","33.299999999999997"
"17","2504","25"
"211","2505","36"
"334","2506","100"
"99","2507","100"
"9","","50"
"334","2508","50"
"293","2509","50"
"334","2510","33.329999999999998"
"293","2511","33.329999999999998"
"217","2512","16.66"
"334","2513","50"
"189","2514","12.5"
"312","2515","33"
"340","2516","100"
"334","2517","33.329999999999998"
"56","2518","100"
"4","2519","50"
"1","","99"
"293","2520","16.66"
"323","1765","25"
"304","2521","10"
"318","2522","100"
"349","2523","16.600000000000001"
"132","2524","25"
"132","","99"
"85","","99"
"364","","4.0599999999999996"
"293","2525","33.299999999999997"
"240","","99"
"340","2526","100"
"57","2527","20"
"340","2528","100"
"349","2529","50"
"269","2530","100"
"318","2531","33.299999999999997"
"298","2532","100"
"293","2533","50"
"","","99"
"20","2534","50"
"118","2535","20"
"275","","99"
"132","1724","50"
"179","2536","100"
"334","2537","100"
"136","2538","50"
"196","2539","13.33"
"34","2539","13.33"
"85","2540","20"
"135","1712","25"
"334","2541","50"
"132","2542","8.3300000000000001"
"118","2543","55"
"132","","99"
"293","2544","33.299999999999997"
"109","2545","50"
"202","2546","50"
"123","2547","14.300000000000001"
"269","2548","25"
"307","2549","100"
"340","2550","100"
"334","2551","100"
"287","2552","10"
"240","","99"
"334","2553","100"
"200","2554","50"
"57","2555","50"
"118","2556","16"
"238","2557","100"
"97","2559","33.299999999999997"
"340","2560","100"
"32","2561","100"
"118","2562","25"
"38","2563","12.5"
"217","2564","16.66"
"304","","99"
"304","","99"
"179","2565","50"
"340","2566","100"
"131","1640","25"
"82","2567","75"
"293","2568","50"
"260","2569","50"
"293","2570","50"
"293","2571","50"
"340","2572","100"
"316","2573","15"
"340","2574","100"
"293","2575","50"
"44","2576","12.5"
"118","1620","50"
"123","2577","25"
"311","2578","33.329999999999998"
"132","2579","16.66"
"334","2580","50"
"20","2581","50"
"115","1605","50"
"293","2582","33.299999999999997"
"136","2583","50"
"293","2584","50"
"293","2585","33.299999999999997"
"200","2586","37.5"
"203","2587","10"
"289","","99"
"340","2588","100"
"298","2589","50"
"211","2590","30"
"293","2591","50"
"207","2592","25"
"231","1590","50"
"179","2593","100"
"34","2594","8.3300000000000001"
"277","2595","4.2000000000000002"
"293","2596","50"
"62","2597","33.299999999999997"
"293","2598","33.299999999999997"
"186","","99"
"132","2599","25"
"349","2600","50"
"340","","100"
"340","2601","100"
"293","2602","50"
"132","2603","18.100000000000001"
"350","2604","37.5"
"132","1522","5.5800000000000001"
"136","2605","50"
"179","2606","100"
"340","2607","100"
"118","1511","16.66"
"189","1507","50"
"340","2608","100"
"334","2609","100"
"118","2610","50"
"","3141","12.5"
"200","2611","50"
"200","2612","25"
"340","2613","100"
"293","2614","33.299999999999997"
"38","","99"
"293","2615","25"
"175","2616","50"
"293","2617","50"
"334","2618","100"
"132","2619","12.5"
"131","1483","25"
"131","2620","25"
"325","","99"
"121","","99"
"20","","99"
"","","99"
"136","2621","50"
"260","","99"
"231","","99"
"132","2622","13.34"
"132","2623","20"
"52","2624","50"
"260","2625","50"
"293","2626","50"
"85","2627","12.5"
"85","2628","7.5"
"118","2629","50"
"132","2630","16.66"
"332","2631","50"
"334","2632","100"
"334","2633","100"
"12","2634","10"
"217","2635","16.66"
"304","2636","10"
"334","2637","50"
"340","1454","100"
"340","2638","100"
"179","2639","50"
"304","","99"
"298","2640","50"
"293","2641","50"
"293","2642","50"
"134","2643","8.3300000000000001"
"129","","99"
"237","2644","33.299999999999997"
"141","","99"
"325","2645","50"
"141","","99"
"325","2646","50"
"57","2647",".076899999999999996"
"293","2648","50"
"85","2649","33.299999999999997"
"79","2650","33.299999999999997"
"154","2651","12.5"
"149","2652","25"
"154","2653","50"
"20","2654","50"
"34","2655","13"
"196","2656","13.300000000000001"
"334","2657","100"
"136","2658","50"
"136","2659","50"
"349","2660","50"
"118","2661","10"
"141","","99"
"179","2662","50"
"85","2663","8.3300000000000001"
"334","2664","100"
"340","2665","100"
"118","2666","25"
"340","2667","100"
"339","2668","44"
"293","2669","50"
"84","2670","3.3300000000000001"
"118","2671","50"
"293","2672","50"
"118","2673","5"
"179","2674","100"
"293","2675","25"
"52","2676","50"
"132","2677","20"
"115","2678","6.25"
"263","2679","100"
"334","2680","100"
"132","2681","16.66"
"115","2682","20"
"293","2683","33.299999999999997"
"322","577","49"
"97","2684","33.299999999999997"
"109","2685","50"
"344","2686","100"
"332","2687","50"
"131","2688","50"
"334","2689","100"
"340","2690","100"
"344","2691","100"
"293","2692","50"
"293","2693","25"
"154","2694","15.630000000000001"
"109","2695","50"
"104","2696","100"
"349","2697","42.5"
"340","2698","50"
"94","","99"
"94","","99"
"323","2699","100"
"325","2700","33.299999999999997"
"135","2701","12.5"
"340","2702","100"
"323","2703","100"
"340","2704","100"
"334","2705","50"
"310","","99"
"293","2706","25"
"293","2707","50"
"334","2708","100"
"179","2709","50"
"340","2710","50"
"146","2711","50"
"179","2712","100"
"309","","99"
"307","","99"
"349","2713","33.299999999999997"
"118","2714","10"
"136","2715","50"
"131","647","25"
"71","2716","50"
"259","2717","15"
"349","2718","16.600000000000001"
"293","2719","33.299999999999997"
"136","2720","50"
"273","2721","100"
"293","2722","50"
"334","2723","100"
"334","2724","33.299999999999997"
"200","2725","25"
"217","2726","25"
"94","","99"
"307","2728","33.299999999999997"
"132","","99"
"293","2729","33.299999999999997"
"121","2730","33.299999999999997"
"349","2731","22.5"
"136","2732","50"
"305","2733","80"
"115","","99"
"332","2734","10"
"349","2735","50"
"323","2736","25"
"340","2737","100"
"340","2738","100"
"340","2739","100"
"319","","99"
"318","2740","100"
"231","734","10"
"180","736","16.66"
"131","741","100"
"334","2741","100"
"238","2742","100"
"20","2743","10"
"340","2744","100"
"334","2745","100"
"334","2746","100"
"293","2747","25"
"118","2748","10"
"334","2749","100"
"50","2750","11"
"334","2751","100"
"20","2752","50"
"136","2753","50"
"123","2754","12.5"
"334","2755","100"
"166","","99"
"285","2756","75"
"334","2757","100"
"123","2758","25"
"334","2759","50"
"20","2760","16.66"
"57","838","20"
"132","2761","50"
"123","2762","12.5"
"115","2763","25"
"118","2764","50"
"34","2835","13.6"
"97","2765","50"
"304","2766","15"
"334","2767","100"
"340","2768","100"
"38","2769","15"
"293","2770","50"
"322","2771","25"
"344","2772","25"
"132","2773","20"
"20","","99"
"175","2774","50"
"304","2775","10"
"200","2776","33.299999999999997"
"62","2777","25"
"136","2778","50"
"340","2779","100"
"17","2780","12.5"
"123","2781","50"
"179","2782","100"
"179","2783","100"
"179","2784","100"
"293","2785","33.299999999999997"
"136","2786","50"
"318","","99"
"132","2787","25"
"293","2788","50"
"293","2789","33.299999999999997"
"340","2790","50"
"334","2791","50"
"179","2792","50"
"293","2793","50"
"293","2794","25"
"332","2795","50"
"349","2796","50"
"263","2797","100"
"52","2798","33.299999999999997"
"340","2799","100"
"334","2800","100"
"32","2801","100"
"349","2802","50"
"349","2803","50"
"129","1103","1"
"323","2804","100"
"146","2805","33.299999999999997"
"293","2806","50"
"237","2807","33.299999999999997"
"132","2808","20"
"132","2809","25"
"332","2810","100"
"340","2811","100"
"334","2812","100"
"217","2813","16.66"
"263","2814","100"
"358","2815","50"
"97","2816","50"
"196","","99"
"332","2817","33.340000000000003"
"260","","99"
"166","2818","50"
"118","2819","50"
"200","2820","50"
"211","2821","45"
"293","2822","25"
"340","2823","25"
"132","","99"
"217","2824","14.199999999999999"
"293","2825","50"
"237","1188","50"
"340","2826","33.299999999999997"
"340","2827","100"
"136","2828","50"
"","","0"
"371","2829","37.5"
"371","","30"
"371","","30"
"371","2830","30"
"237","",""
"372","2178","25"
"372","224","50"
"372","481","50"
"372","563","25"
"372","971","50"
"372","1386","16.66"
"372","1645","50"
"372","1791","25"
"372","1883","50"
"372","2041","50"
"372","2042","25"
"372","2134","16.66"
"","1645",""
"307","2831","75"
"322","2832","16.670000000000002"
"132","365","2.7800000000000002"
"323","4","50"
"332","2833","50"
"349","2834","33.329999999999998"
"87","2836","12.5"
"","",""
"365","2203","10"
"341","2311","7.5"
"302","2235","50"
"302","2234","100"
"302","2838","25"
"302","2839","25"
"305","2840","50"
"305","2841","100"
"364","2842","12.5"
"282","2218","25"
"281","2218","25"
"250","2348","15"
"207","2348","25"
"249","2843","25"
"374","2844","8"
"373","2844","8"
"374","2845","8"
"373","2845","8"
"374","2846","25"
"373","2846","25"
"334","","50"
"332","","50"
"334","440","50"
"123","2848","50"
"241","2849","100"
"376","2850","10"
"378","2342","17"
"378","2343","17"
"378","1020","12.5"
"378","1501","12.5"
"378","2032","12.5"
"378","1802","12.5"
"377","2851","50"
"377","2852","50"
"377","2853","50"
"377","2854","50"
"377","2855","50"
"377","2856","50"
"377","2857","50"
"377","2858","50"
"377","2859","50"
"377","2860","50"
"377","2861","50"
"377","2862","40"
"373","2865","20"
"374","2865","20"
"373","2866","15"
"374","2866","15"
"373","2867","15"
"374","2867","15"
"373","2868","15"
"374","2868","15"
"373","2869","20"
"374","2869","20"
"373","2870","16"
"374","2870","16"
"373","2871","7.5"
"374","2871","7.5"
"373","2872","17.5"
"374","2872","17.5"
"362","2872","5"
"373","2873","12.5"
"374","2873","12.5"
"373","2874","10"
"374","2874","10"
"373","2875","25"
"374","2875","25"
"373","2876","10"
"374","2876","10"
"373","2877","10"
"374","2877","10"
"373","2878","10"
"374","2878","10"
"373","2879","10"
"374","2879","10"
"373","2880","10"
"374","2880","10"
"373","2881","10"
"374","2881","10"
"373","2882","10"
"374","2882","10"
"377","2883","100"
"327","2884","50"
"327","754","25"
"353","1161","35"
"154","2885","50"
"118","2886","50"
"354","2887","33.33"
"356","2887","33"
"355","2887","33"
"74","2888","100"
"74","2889","100"
"74","2890","100"
"74","2891","100"
"356","2892","25"
"354","2892","30"
"355","2892","45"
"371","2893","50"
"371","2894","62.5"
"349","2895","33"
"349","2896","50"
"349","2897","22.5"
"349","2898","50"
"183","2899","99"
"183","2900","99"
"333","2901","100"
"333","2902","100"
"354","2903","25"
"356","2903","25"
"355","2903","25"
"273","2904","50"
"50","2905","10"
"240","2906","25"
"240","2907","25"
"369","2908","10"
"364","2909","16"
"378","2909","17"
"293","2910","25"
"293","2911","25"
"293","2912","25"
"349","347","50"
"334","2913","33.33"
"327","2914","50"
"183","2915","99"
"353","1612","16.66"
"357","2916","100"
"379","2917","30"
"20","2918","20"
"379","2919","10"
"379","2920","16.67"
"379","2921","33.33"
"379","2922","1"
"379","2923",".22"
"379","2924",".5"
"379","2925",".125"
"304","2926","12.5"
"379","2927",".33"
"72","2928",".5"
"379","2929","50"
"379","2930","50"
"379","2931","10"
"379","2932","10"
"203","2933","100"
"379","2934","8.33"
"340","2935","100"
"278","2936","1"
"330","2937","50"
"379","2938",".25"
"304","2939","100"
"333","2940","100"
"307","","99"
"307","2941","99"
"340","2942","100"
"379","2943","7"
"333","2944","100"
"113","2945","50"
"287","2946","100"
"379","2947","60"
"262","2948","50"
"334","2949","100"
"311","2950","99"
"379","2951","25"
"352","2952","25"
"379","2953",".13"
"379","2954","33.33"
"379","2955",".25"
"379","2956","25"
"379","2957","100"
"379","2958","9"
"379","2959",".33"
"379","2960",".16669999999999999"
"379","2961","33"
"118","2962","40"
"379","2963","10"
"72","2964",".5"
"72","2965",".5"
"72","2966","1"
"349","2967","40"
"379","2968","1"
"371","2969",".75"
"379","2970","25"
"379","2971",".5"
"379","2972","50"
"379","2973","25"
"209","2974","1"
"379","2975","16.67"
"379","2976","100"
"52","2977",".33"
"379","2978","90"
"38","2979","12.5"
"217","2980","7.14"
"379","2981","50"
"379","2982","25"
"379","2983","50"
"379","2984","100"
"72","2985",".33"
"379","2986",".33"
"72","2987",".5"
"230","2988",".05"
"379","2989","12.5"
"379","2990","75"
"312","2991","50"
"349","2992","20"
"72","2993","1"
"379","2994",".03"
"379","2995","23.32"
"379","2996","0"
"97","2997","50"
"379","2998",".5"
"379","2999","50"
"230","3000",".42"
"72","3001","1"
"379","3002","25"
"379","3003","50"
"379","3004","25"
"118","3005","50"
"72","3006",".5"
"230","3007",".5"
"379","3008","33.33"
"307","3009",".17"
"379","3010","20"
"52","3011",".5"
"379","3012","50"
"72","3013","1"
"379","3014","50"
"330","3015","66.6"
"340","3016","100"
"379","3017",".5"
"379","3018","16.670000000000002"
"230","3019",".5"
"132","3020","37.5"
"118","3021","25"
"379","3022","50"
"379","3023","4.17"
"52","3024",".5"
"379","3025",".03"
"72","3026",".4"
"52","3027",".33"
"72","3028",".33329999999999999"
"118","3029","30"
"330","3030","50"
"72","3031",".5"
"330","3032","33.2"
"97","3033","50"
"379","3034","33.33"
"379","3035",".33"
"357","","99"
"104","","99"
"72","3036","1"
"379","3037","16.67"
"330","","99"
"304","","99"
"379","3038",".17"
"82","","99"
"379","","99"
"118","","99"
"136","","50"
"310","","99"
"379","3039",".33329999999999999"
"113","","99"
"349","","99"
"117","3040",".25"
"243","","99"
"304","3041","5.56"
"286","","99"
"262","","99"
"312","","99"
"97","","99"
"72","3042",".5"
"379","3043",".25"
"379","3044","25"
"357","3045","99"
"230","3046",".5"
"330","3047","99"
"304","3048","99"
"97","3049","99"
"379","3050",".05"
"379","3051",".1666"
"333","3052","100"
"379","3053","50"
"304","3054","20"
"379","3055","12.5"
"379","3056","25"
"12","3057",".17"
"379","3058","98"
"243","3059","100"
"179","3060","100"
"293","3061","50"
"72","3062",".17"
"379","3063","25"
"72","3064",".5"
"379","3065","16.2"
"118","3066","50"
"203","3067","50"
"379","3068",".17"
"293","3069","50"
"379","3070","10"
"72","3071","1"
"379","3072",".070000000000000007"
"379","3073","0"
"334","3074","100"
"354","3075","20"
"379","3076","0"
"230","3077",".25"
"304","3078","16.6"
"72","3079","1"
"230","3080",".5"
"72","3081","1"
"72","3082","1"
"334","3083","100"
"379","3084","25"
"379","3085","50"
"72","3086",".13"
"379","3087","10"
"379","3088",".25"
"72","3089","1"
"379","3090","50"
"230","3091",".15"
"332","3092","100"
"334","3093","100"
"379","3094","16.670000000000002"
"379","3095","1"
"4","3096","8.33"
"379","3097","25"
"199","3098","60"
"72","3099","1"
"132","3100","99"
"326","3101","99"
"230","3102",".17"
"379","3103","12.5"
"333","3104","100"
"379","3105",".2"
"379","3106",".5"
"275","3107","99"
"243","3108","50"
"330","3109","50"
"379","3110",".125"
"72","3111","1"
"97","3112","50"
"379","3113","33.33"
"379","3114",".15"
"230","3115",".5"
"379","3116","50"
"379","3117","25"
"379","3118",".375"
"379","3119","100"
"379","3120","100"
"244","3121","100"
"379","3122","4.17"
"379","3123","30"
"379","3124","50"
"379","3125","33"
"379","3126","25"
"379","3127","25"
"379","3128",".5"
"379","3129",".122"
"379","3130","16.67"
"118","3131","12.5"
"379","3132","50"
"379","3133","50"
"316","3134","99"
"379","3135","50"
"379","3136",".75"
"179","3137","100"
"323","3138","99"
"379","3139","50"
"243","3140","100"
"379","3141","50"
"72","3142","1"
"379","3143","40"
"379","3144",".25"
"379","3145","50"
"379","3146","33.340000000000003"
"72","3147",".5"
"72","3148",".33"
"379","3149","25"
"379","3150",".5"
"379","3151","1"
"379","3152","50"
"72","3153","1"
"379","3154","25"
"379","3155","16.66"
"354","3156","50"
"379","3157","50"
"379","3158","50"
"379","3160","25"
"379","3159","25"
"72","3160",".17"
"72","3161",".5"
"379","3162","33"
"330","3163","50"
"123","3164","99"
"312","3165","50"
"379","3166","25"
"351","3167","10"
"379","3168","10"
"379","3169","10"
"379","3170",".5"
"379","3171",".25"
"323","3172","99"
"379","3173","0"
"379","3174","25"
"379","3175","16.67"
"123","3176",".33329999999999999"
"240","3177","8.33"
"72","3178",".17"
"123","3179","99"
"132","3180","99"
"72","3181","1"
"330","3182","50"
"230","3183",".1"
"379","3184","16"
"330","3185","33.2"
"379","3186",".5"
"379","3187","20"
"379","3188",".25"
"72","3189",".5"
"72","3190",".5"
"230","3191",".25"
"379","3192",".33"
"238","3193","1"
"379","3194","5"
"379","3195","1"
"99","3196","99"
"379","3197","16.67"
"379","3198",".5"
"72","3199",".2"
"205","3200",".5"
"379","3201","25"
"379","3202","16.67"
"358","3203","25"
"379","3204","16.670000000000002"
"379","3205","33.33"
"72","3206",".5"
"72","3207","1"
"72","3208",".5"
"379","3209",".33"
"379","3210","0"
"268","3211","99"
"97","3212","50"
"379","3213",".25"
"379","3214","50"
"17","3215","99"
"205","3216","99"
"303","3217","99"
"17","3218","99"
"379","3219",".25"
"379","3220","25"
"379","3221","16.67"
"379","3222",".5"
"379","3223",".16669999999999999"
"72","3224","1"
"72","3225","1"
"316","3226","99"
"72","3227","1"
"243","3228","100"
"340","3229","100"
"379","3230",".2"
"379","3231",".22"
"379","3232","30"
"118","3233",".2"
"118","3234","50"
"97","3235","50"
"38","3236","99"
"379","3237",".5"
"20","3238","99"
"123","3239","99"
"63","3240","99"
"72","3241","1"
"330","3242","50"
"379","3243","99"
"379","3244","99"
"379","3245","99"
"281","3246","99"
"333","3247","100"
"230","3248",".125"
"62","3249","99"
"273","3250","99"
"149","3251","99"
"50","3252","99"
"325","3253","99"
"352","3254","25"
"371","3255","99"
"379","3256",".33"
"230","3257",".16669999999999999"
"312","3258","50"
"379","3259","25"
"379","","25"
"72","3260",".5"
"379","3263","25"
"379","3264","25"
"379","3265","25"
"379","3266","25"
"72","3261","1"
"379","3262","75"
"243","3263","50"
"379","3264","25"
"379","3265","6.25"
"76","3266",".33"
"379","3267","33"
"379","3268","25"
"379","3269","100"
"379","3270","10"
"344","3271","99"
"379","3272","1"
"312","3273","50"
"379","3274","25"
"72","3275","1"
"136","3276","50"
"230","3277",".5"
"379","3278","25"
"379","3279",".15"
"379","3280",".25"
"304","3281",".16669999999999999"
"379","3282","0"
"312","3283","50"
"72","3284",".5"
"379","3285",".2"
"379","3286","50"
"379","3287","99"
"379","3288","1"
"379","3289","50"
"379","3290","12.5"
"379","3291","25"
"287","3292",".5"
"379","3293",".2"
"379","3294","12.5"
"304","3295","10"
"268","3296","99"
"203","3297","33.33"
"379","3298","50"
"304","3299","7.5"
"379","3300",".5"
"243","3301","25"
"340","3302","100"
"379","3303","50"
"379","3304","25"
"379","3305","50"
"379","3306","20.82"
"127","3307",".2"
"118","3308","100"
"97","3309","50"
"104","3310","100"
"243","3311","50"
"318","3312","99"
"285","3313","99"
"63","3314","99"
"72","3315",".5"
"123","3316","99"
"318","3317","99"
"379","3318","25"
"379","3319","25"
"243","3320","50"
"203","3321","50"
"9","3322","2.5"
"379","3323","10"
"379","3324","25"
"132","3325","99"
"240","3326","8.34"
"340","3327","100"
"72","3328",".5"
"72","3329","1"
"379","3330","25"
"230","3331",".0875"
"379","3332",".5"
"72","3333","1"
"312","3334","50"
"379","3335","16.66"
"379","3336","33.33"
"379","3337","50"
"230","3338",".28999999999999998"
"72","3339","1"
"72","3340","50"
"333","3341","100"
"92","3342",".33329999999999999"
"72","3343","1"
"352","3344","25"
"379","3345",".125"
"379","3346",".5"
"379","3347","25"
"293","3348","25"
"230","3349",".25"
"379","3350","50"
"260","3351","99"
"72","3352","1"
"379","3353",".24"
"352","3354","25"
"379","3355","30"
"240","3356","8.33"
"357","3357","100"
"304","3358","100"
"166","3359","99"
"332","3360","100"
"82","3361","99"
"296","3362","100"
"293","3363","100"
"354","3364","100"
"333","3365","100"
"379","3366","100"
"136","3367","50"
"379","3368","100"
"243","3369","100"
"79","3370","100"
"287","3371","100"
"286","3372","100"
"97","3373","100"
"379","3374","5"
"149","3375","50"
"230","3376",".25"
"118","3377","1"
"304","3378","50"
"354","3379","32.5"
"205","3380","1"
"118","3381","1"
"72","3382","100"
"354","3383","50"
"379","3384","10"
"166","3385",".17"
"97","3386","50"
"379","3387","50"
"379","3388",".0625"
"379","3389",".5"
"117","3390",".17"
"379","3391","50"
"379","3392","16.67"
"379","3393","25"
"72","3394","1"
"97","3395","33.34"
"379","3396","50"
"379","3397","25"
"72","3398","1"
"72","3399","1"
"352","3400","25"
"330","3401","33.2"
"379","3402","25"
"379","3403","50"
"72","3404","1"
"379","3405",".5"
"379","3406","50"
"379","3407","0"
"332","3408","100"
"379","3409","17.5"
"72","3410","1"
"350","3411","25"
"240","3412",".5"
"379","3413","25"
"312","3414","50"
"344","3415","99"
"379","3416","16.67"
"379","3417",".16669999999999999"
"379","3418","50"
"379","3419","25"
"379","3420","1"
"379","3421","33.33"
"379","3422",".5"
"379","3423","12"
"330","3424","16.670000000000002"
"379","3425","25"
"379","3426",".3"
"149","3427","1"
"379","3428",".125"
"379","3435","25"
"179","3429","50"
"72","3430","25"
"72","3431",".33"
"341","3432","6.5"
"330","3433","100"
"379","3435",".33"
"97","3436","16"
"312","3437","50"
"379","3438","33.33"
"179","3439","100"
"72","3440","50"
"379","3441","17"
"379","3442","25"
"379","3443","50"
"230","3444",".5"
"293","3445","33.2"
"72","3446",".5"
"189","3434","50"
"379","3447","99"
"312","3448","50"
"293","3449","50"
"379","3450","0"
"379","","7.5"
"379","3451","50"
"293","3452","50"
"4","3453",".5"
"72","3454",".5"
"379","3455","12.5"
"379","3456","100"
"155","3457","100"
"38","3458","11.75"
"379","3459",".25"
"309","3460","99"
"132","3461","99"
"132","3462","99"
"319","3463","99"
"38","3464","1"
"240","3465",".33"
"240","3466",".25"
"240","3467",".17"
"154","3472","25"
"82","3470","10"
"352","3474","12.5"
"253","3474","12.5"
"380","3475","25"
"368","3476","30"
"385","2200","10"
"380","3477","21.38"
"380","3478","50"
"380","3479","100"
"380","3480","100"
"380","3481","90"
"380","3482","100"
"380","3483","100"
"380","3484","100"
"380","3485","60.5"
"380","3486","100"
"380","3487","100"
"380","3488","50"
"351","3489","40"
"243","3490","33.3"
"381","2843","12.5"
"381","64","10"
"380","3491","40"
"380","3492","33.4"
"380","3493","100"
"380","3494","100"
"380","3495","50"
"380","3496","33.4"
"380","3497","11.68"
"380","3498","100"
"380","3499","100"
"380","3500","100"
"380","3501","50"
"380","3502","100"
"380","3503","100"
"380","3504","100"
"380","3505","100"
"299","3507","50"
"380","3506","50"
"380","3508","33.4"
"380","3509","100"
"380","3510","100"
"380","3511","100"
"380","3512","33.4"
"380","3513","50"
"380","3514","50"
"380","3515","29.34"
"380","3516","100"
"380","3517","11.34"
"380","3518","100"
"380","3519","50"
"380","3520","85"
"380","3521","33.4"
"380","3522","100"
"378","1747","5"
"364","1747","2.5"
"326","3523","12.5"
"200","3524","10"
"268","3525","33.33"
"310","3527","16.66"
"382","3528","5.56"
"383","3528","12.96"
"384","3528","24.07"
"123","823","25"
"264","3529","33.33"
"380","3530","100"
"56","3532","50"
"113","470","5"
"262","470","5"
"379","2260","8"
"388","3533","20"
"263","3534","100"
"38","3535","33"
"38","3536","25"
"378","3537","99"
"378","3538","99"
"378","3539","99"
"378","3540","99"
"285","3541","4"
"285","3542","8"
"285","3543","33.339999999999997"
"285","3544","99"
"285","3545","10"
"371","3546","100"
"371","3547","100"
"371","3548","100"
"118","3549","8.33"
"373","3550","10"
"93","3551","25"
"293","3552","25"
"68","3553","25"
"85","3554","50"
"379","3555","6.25"
"72","3556","50"
"154","3557","25"
"268","3558","99"
"85","3559","50"
"330","3560","50"
"149","3561","25"
"324","3562","50"
"277","3563","16.649999999999999"
"291","3564","99"
"82","3565","75"
"49","3566","50"
"357","3567","25"
"375","3568","33.33"
"261","3569","25"
"243","3570","50"
"268","3571","99"
"330","3572","100"
"330","3573","99"
"340","3574","100"
"113","3575","5"
"354","3576","100"
"85","3577","1.5"
"375","3578","100"
"379","3579","99"
"356","3580","11"
"289","3581","5"
"85","3582","5.84"
"291","3583","50"
"52","3584","50"
"21","3585","80"
"344","3586","99"
"291","3587","50"
"304","3588","50"
"354","3589","50"
"208","3590","6.25"
"85","3591","14.000000000000001"
"48","3592","50"
"291","3593","50"
"127","3594","33"
"52","3595","50"
"52","3596","50"
"272","3597","99"
"84","3598","99"
"349","3599","50"
"93","3600","3.75"
"376","3601","50"
"344","3602","99"
"375","3603","50"
"291","3604","99"
"106","3605","10"
"82","3606","45"
"373","3607","25"
"273","3608","18"
"376","3609","12.5"
"376","3610","10"
"375","3611","33.340000000000003"
"375","3612","50"
"375","3613","100"
"285","3614","17"
"150","3615","33.33"
"204","3616","25"
"97","3617","50"
"146","2","50"
"259","3","15"
"376","3618","75"
"385","3619","12.5"
"136","50","15"
"372","50","15"
"136","314","25"
"372","314","25"
"136","563","25"
"136","755","25"
"372","755","25"
"372","1141","25"
"372","1152","25"
"372","1168","45"
"372","1342","16.66"
"372","1656","12.5"
"136","2042","25"
"372","2359","50"
"372","2462","50"
"372","2538","50"
"372","2583","50"
"372","2605","50"
"372","2621","50"
"372","2658","50"
"372","2659","50"
"372","2715","50"
"372","2720","50"
"372","2732","50"
"372","2753","50"
"372","2778","50"
"372","2786","50"
"372","2828","50"
"372","","50"
"372","3276","50"
"372","3367","50"
"392","3620","10"
"392","3533","15"
"390","3621","14.45"
"390","3622","23.5"
"390","3623","50"
"390","3624","41.67"
"390","3625","43.75"
"390","3626","45"
"391","3625","43.75"
"373","3627","42.5"
"374","3627","42.5"
"393","3628","50"
"393","3629","50"
"393","3630","50"
"393","3632","50"
"393","3633","50"
"393","3631","100"
"393","3634","25"
"393","3635","50"
"393","3636","50"
"393","3637","100"
"393","3638","100"
"393","3639","100"
"393","3640","50"
"393","3641","50"
"393","3642","70"
"393","3643","50"
"393","3644","50"
"393","3645","50"
"393","3646","50"
"393","3647","50"
"393","3648","50"
"393","3649","50"
"393","3650","75"
"393","3651","50"
"393","3652","50"
"393","3653","100"
"393","3654","100"
"393","3655","50"
"393","3656","50"
"353","3657","25"
"389","3657","25"
"394","3659","10"
"394","3660","16"
"394","3664","15"
"394","3661","10"
"394","3662","25"
"394","3663","20"
